INSERT IGNORE INTO users (id, username, email, password_hash, avatar, created_at, updated_at) VALUES
(1, 'zhangwei', 'zhangwei@example.com', '$2a$10$aFGHDcOOk8Tm6hhxXQKoY.ZVoWTgofAVyAuPdOBPQ42w7XYVAqzqy', NULL, '2025-01-10 08:00:00', '2025-01-10 08:00:00'),
(2, 'lina', 'lina@example.com', '$2a$10$aFGHDcOOk8Tm6hhxXQKoY.ZVoWTgofAVyAuPdOBPQ42w7XYVAqzqy', NULL, '2025-01-12 09:30:00', '2025-01-12 09:30:00'),
(3, 'wangfang', 'wangfang@example.com', '$2a$10$aFGHDcOOk8Tm6hhxXQKoY.ZVoWTgofAVyAuPdOBPQ42w7XYVAqzqy', NULL, '2025-01-15 10:15:00', '2025-01-15 10:15:00'),
(4, 'liuyang', 'liuyang@example.com', '$2a$10$aFGHDcOOk8Tm6hhxXQKoY.ZVoWTgofAVyAuPdOBPQ42w7XYVAqzqy', NULL, '2025-02-01 14:00:00', '2025-02-01 14:00:00'),
(5, 'chenjie', 'chenjie@example.com', '$2a$10$aFGHDcOOk8Tm6hhxXQKoY.ZVoWTgofAVyAuPdOBPQ42w7XYVAqzqy', NULL, '2025-02-10 16:45:00', '2025-02-10 16:45:00');

INSERT IGNORE INTO gear_categories (id, name, description, sort_order, created_at) VALUES
(1, '婴儿车', '各类婴儿推车、伞车、双胞胎车等', 1, '2025-01-01 00:00:00'),
(2, '餐椅', '婴儿餐椅、折叠餐椅、便携餐椅等', 2, '2025-01-01 00:00:00'),
(3, '衣物', '婴儿衣服、鞋帽、配饰等', 3, '2025-01-01 00:00:00'),
(4, '玩具', '早教玩具、积木、摇铃、爬行垫等', 4, '2025-01-01 00:00:00'),
(5, '床品', '婴儿床、床围、睡袋、床品套件等', 5, '2025-01-01 00:00:00'),
(6, '安全座椅', '车载安全座椅、增高垫等', 6, '2025-01-01 00:00:00');

INSERT IGNORE INTO gear_items (id, owner_id, title, category_id, `condition`, brand, suitable_age, description, photos, status, price_type, price, created_at) VALUES
(1, 1, '好孩子轻便伞车九成新', 1, '九成新', '好孩子', '6个月-3岁', '自用轻便伞车一辆，可单手收车，出门携带方便。宝宝已上幼儿园，不再使用，车况良好，轮子顺滑。', NULL, 'Available', '议价', NULL, '2025-02-15 10:00:00'),
(2, 2, '宜家安东伯格儿童餐椅', 2, '九成新', '宜家', '6个月-3岁', '经典宜家儿童餐椅，白色款，带托盘。易清洁，非常实用。宝宝长大了换了大椅子，小椅子闲置中。', NULL, 'Reserved', '免费', NULL, '2025-02-20 11:30:00'),
(3, 3, '全棉时代新生儿连体衣套装', 3, '全新', '全棉时代', '0-3个月', '朋友送的全新连体衣套装（3件），纯棉材质，标签都还在。我家宝宝出生时穿不上，一直放着没动过。', NULL, 'Available', '固定价', 59.00, '2025-03-01 09:00:00'),
(4, 1, '费雪益智积木套装', 4, '七成新', '费雪', '1岁-3岁', '费雪大颗粒积木，适合小宝宝抓握。部分贴纸有磨损，不影响使用，可以锻炼宝宝动手能力。', NULL, 'HandedOver', '免费', NULL, '2025-03-05 14:00:00'),
(5, 4, '可优比实木婴儿床', 5, '九成新', '可优比', '0-2岁', '实木婴儿床，可调节床板高度，侧栏可放下与大床拼接。使用了一年多，无漆款很安全。', NULL, 'Available', '议价', NULL, '2025-03-10 16:00:00'),
(6, 5, '宝得适双面骑士安全座椅', 6, '九成新', '宝得适', '0-4岁', '正反双向安装安全座椅，isofix接口。宝宝换了大童座椅，这个闲置了。无事故记录，安全可靠。', NULL, 'Available', '固定价', 680.00, '2025-03-15 10:30:00'),
(7, 3, '木玩世家早教绕珠', 4, '七成新', '木玩世家', '1岁-3岁', '实木绕珠玩具，色彩鲜艳，锻炼宝宝手眼协调。有些磨损痕迹，功能完好。', NULL, 'Archived', '免费', NULL, '2025-03-20 13:00:00'),
(8, 2, 'NUK婴儿睡袋四季款', 5, '全新', 'NUK', '0-6个月', '全新NUK四季睡袋，薄款适合空调房，双向拉链方便换尿布。买多了用不上，全新未拆封。', NULL, 'Available', '固定价', 88.00, '2025-04-01 08:30:00');

INSERT IGNORE INTO gear_handovers (id, gear_item_id, giver_id, receiver_id, handover_date, location, status, note) VALUES
(1, 4, 1, 3, '2025-03-20 10:00:00', '朝阳区望京SOHO一楼大厅', 'Completed', '面交很顺利，对方很满意，希望能好好用起来！'),
(2, 2, 2, 4, '2025-04-05 14:00:00', '海淀区五道口华联商场门口', 'Pending', '约好了这周六交接，希望天气好'),
(3, 7, 3, 5, '2025-04-10 16:00:00', '西城区金融街购物中心', 'Cancelled', '接收方临时有事无法前来，已取消'),
(4, 6, 5, 1, '2025-04-15 11:00:00', '东城区东直门来福士广场', 'Pending', '安全座椅比较重，需要开车来自提');

INSERT IGNORE INTO gear_stories (id, gear_item_id, user_id, content, photos, created_at) VALUES
(1, 4, 3, '收到张伟转让的费雪积木，宝宝特别喜欢！每天都要玩一会儿，现在已经能自己搭小塔了。感谢这个平台让闲置物品传递温暖！', NULL, '2025-03-22 09:00:00'),
(2, 4, 1, '看着自己宝宝用过的积木在另一个小朋友手中继续发挥作用，心里特别温暖。希望更多家长能加入进来，让好东西不浪费。', NULL, '2025-03-22 10:30:00'),
(3, 2, 2, '这款宜家餐椅真的太实用了，从宝宝6个月坐稳开始用到现在，清洗方便，结实耐用。希望下一个家庭也能喜欢它！', NULL, '2025-03-25 15:00:00'),
(4, 6, 5, '宝得适安全座椅陪伴了宝宝三年，安全又放心。每次开车出门都很有安全感。因为宝宝长大需要换座椅了，希望下一个小宝贝也能被好好保护。', NULL, '2025-04-02 11:00:00'),
(5, 3, 3, '朋友送的全棉时代连体衣质量真的很好，纯棉柔软舒适。可惜我家宝宝出生就偏大，0-3个月的尺码穿不上。希望有需要的家庭能用到，别浪费了这么好的衣服。', NULL, '2025-04-05 14:30:00');

INSERT IGNORE INTO wishlists (id, user_id, title, category_id, expected_condition, city, acceptable_wear_level, description, status, matched_gear_item_id, created_at, updated_at) VALUES
(1, 2, '求购九成新婴儿推车', 1, '九成新', '北京', '轻微使用痕迹', '宝宝马上6个月了，需要一辆轻便的婴儿推车，最好是大品牌，安全性要有保障。预算有限，希望能遇到合适的。', 'Open', NULL, '2025-04-10 09:00:00', '2025-04-10 09:00:00'),
(2, 3, '求购新生儿安全座椅', 6, '九成新', '上海', '无明显划痕', '预产期在6月，急需一台0-4岁可用的安全座椅，希望是isofix接口的，无事故记录。', 'Open', NULL, '2025-04-12 14:30:00', '2025-04-12 14:30:00'),
(3, 4, '求购婴儿实木床', 5, '八成新', '北京', '可接受小磕碰', '宝宝下个月就要出生了，想要一张实木婴儿床，最好能和大床拼接，价格好商量。', 'Fulfilled', 5, '2025-04-08 10:15:00', '2025-04-15 11:00:00'),
(4, 5, '求购1-3岁益智玩具', 4, '七成新', '广州', '可接受磨损', '宝宝刚满1岁，想找一些适合这个年龄段的益智玩具，只要功能完好就行，外观新旧不太介意。', 'Open', NULL, '2025-04-18 16:45:00', '2025-04-18 16:45:00'),
(5, 1, '求购6-12个月婴儿衣物', 3, '全新', '深圳', '全新未拆封', '宝宝长得太快，衣服很快就穿不下了。想找一些全新或者几乎全新的6-12个月宝宝衣服，最好是纯棉材质的。', 'Open', NULL, '2025-04-20 08:30:00', '2025-04-20 08:30:00');

INSERT IGNORE INTO wishlist_matches (id, wishlist_id, provider_id, gear_item_id, status, message, is_accepted, created_at) VALUES
(1, 1, 1, 1, 'Pending', '我有一辆好孩子的伞车，正好符合你的要求，车况很好，可以约时间看看。', false, '2025-04-11 10:00:00'),
(2, 1, 4, NULL, 'Pending', '我家有一辆婴儿推车，品牌是康贝的，八成新，你要不要考虑一下？', false, '2025-04-12 11:30:00'),
(3, 3, 4, 5, 'Accepted', '我正好有一张可优比的实木婴儿床要转，和你描述的完全一样，价格我们可以商量。', true, '2025-04-10 14:00:00'),
(4, 4, 2, NULL, 'Rejected', '我有一些费雪的玩具，可能适合你家宝宝，有空可以聊聊。', false, '2025-04-19 09:15:00'),
(5, 2, 5, 6, 'Pending', '我家的宝得适安全座椅正好要转，0-4岁可用，isofix接口，完全符合你的要求。', false, '2025-04-13 15:00:00');

INSERT IGNORE INTO notifications (id, user_id, wishlist_id, wishlist_match_id, type, title, content, status, created_at) VALUES
(1, 2, 1, 1, 'NewMatch', '新的匹配申请', '用户 zhangwei 对您的心愿单 "求购九成新婴儿推车" 提交了匹配申请', 'Unread', '2025-04-11 10:00:00'),
(2, 2, 1, 2, 'NewMatch', '新的匹配申请', '用户 liuyang 对您的心愿单 "求购九成新婴儿推车" 提交了匹配申请', 'Unread', '2025-04-12 11:30:00'),
(3, 4, 3, 3, 'MatchAccepted', '匹配已接受', '您对心愿单 "求购婴儿实木床" 的匹配申请已被接受，请联系对方完成交接', 'Read', '2025-04-15 11:00:00'),
(4, 4, 3, NULL, 'MatchClosed', '心愿单已匹配', '心愿单 "求购婴儿实木床" 已与其他用户匹配成功，您的申请自动关闭', 'Read', '2025-04-15 11:00:00'),
(5, 3, 2, 5, 'NewMatch', '新的匹配申请', '用户 chenjie 对您的心愿单 "求购新生儿安全座椅" 提交了匹配申请', 'Unread', '2025-04-13 15:00:00'),
(6, 2, 4, 4, 'MatchRejected', '匹配已拒绝', '您对心愿单 "求购1-3岁益智玩具" 的匹配申请已被拒绝', 'Read', '2025-04-19 10:00:00');
